{
  "success":true,
  "terms":"https:\/\/currencylayer.com\/terms",
  "privacy":"https:\/\/currencylayer.com\/privacy",
  "timestamp":1553032985,
  "source":"USD",
  "quotes":{
    "USDAED":3.67298,
    "USDAFN":75.650315,
    "USDALL":109.950092,
    "USDAMD":486.270152,
    "USDANG":1.82485,
    "USDAOA":315.60599,
    "USDARS":40.518052,
    "USDAUD":1.4111,
    "USDAWG":1.8,
    "USDAZN":1.704989,
    "USDBAM":1.722198,
    "USDBBD":1.99575,
    "USDBDT":84.364017,
    "USDBGN":1.723398,
    "USDBHD":0.376835,
    "USDBIF":1832.5,
    "USDBMD":1,
    "USDBND":1.350698,
    "USDBOB":6.92655,
    "USDBRL":3.789504,
    "USDBSD":1.00095,
    "USDBTC":0.00025,
    "USDBTN":69.117346,
    "USDBWP":10.709757,
    "USDBYN":2.105497,
    "USDBYR":19600,
    "USDBZD":2.01545,
    "USDCAD":1.33275,
    "USDCDF":1630.999852,
    "USDCHF":0.99923,
    "USDCLF":0.025048,
    "USDCLP":667.395061,
    "USDCNY":6.711903,
    "USDCOP":3097.5,
    "USDCRC":597.410133,
    "USDCUC":1,
    "USDCUP":26.5,
    "USDCVE":97.215498,
    "USDCZK":22.570241,
    "USDDJF":177.719653,
    "USDDKK":6.573984,
    "USDDOP":50.684989,
    "USDDZD":118.829903,
    "USDEGP":17.288971,
    "USDERN":14.999896,
    "USDETB":28.579943,
    "USDEUR":0.880965,
    "USDFJD":2.13045,
    "USDFKP":0.749985,
    "USDGBP":0.753798,
    "USDGEL":2.685022,
    "USDGGP":0.753787,
    "USDGHS":5.398611,
    "USDGIP":0.749985,
    "USDGMD":49.620163,
    "USDGNF":9229.999664,
    "USDGTQ":7.68915,
    "USDGYD":208.634961,
    "USDHKD":7.84995,
    "USDHNL":24.549817,
    "USDHRK":6.530601,
    "USDHTG":83.494498,
    "USDHUF":275.820101,
    "USDIDR":14232,
    "USDILS":3.603802,
    "USDIMP":0.753787,
    "USDINR":69.327498,
    "USDIQD":1190,
    "USDIRR":42105.000519,
    "USDISK":116.870147,
    "USDJEP":0.753787,
    "USDJMD":124.679765,
    "USDJOD":0.708986,
    "USDJPY":111.396053,
    "USDKES":100.856499,
    "USDKGS":69.762702,
    "USDKHR":3989.999558,
    "USDKMF":433.650153,
    "USDKPW":900.081706,
    "USDKRW":1130.903528,
    "USDKWD":0.30354,
    "USDKYD":0.83326,
    "USDKZT":376.440157,
    "USDLAK":8582.000507,
    "USDLBP":1510.603752,
    "USDLKR":178.490218,
    "USDLRD":162.175013,
    "USDLSL":14.455028,
    "USDLTL":2.95274,
    "USDLVL":0.60489,
    "USDLYD":1.384998,
    "USDMAD":9.600977,
    "USDMDL":17.269787,
    "USDMGA":3515.000268,
    "USDMKD":54.164987,
    "USDMMK":1541.306465,
    "USDMNT":2629.39932,
    "USDMOP":8.084599,
    "USDMRO":356.999713,
    "USDMUR":34.634499,
    "USDMVR":15.505864,
    "USDMWK":724.00024,
    "USDMXN":19.009304,
    "USDMYR":4.0765,
    "USDMZN":62.964998,
    "USDNAD":14.455012,
    "USDNGN":359.999874,
    "USDNIO":32.798647,
    "USDNOK":8.526401,
    "USDNPR":110.295024,
    "USDNZD":1.45926,
    "USDOMR":0.385029,
    "USDPAB":1.00105,
    "USDPEN":3.29995,
    "USDPGK":3.37545,
    "USDPHP":52.814503,
    "USDPKR":139.450361,
    "USDPLN":3.77755,
    "USDPYG":6137.549357,
    "USDQAR":3.641097,
    "USDRON":4.195598,
    "USDRSD":103.919939,
    "USDRUB":64.362032,
    "USDRWF":897,
    "USDSAR":3.75065,
    "USDSBD":4.255695,
    "USDSCR":13.660064,
    "USDSDG":47.613494,
    "USDSEK":9.206505,
    "USDSGD":1.351402,
    "USDSHP":1.320901,
    "USDSLL":8875.000094,
    "USDSOS":582.000276,
    "USDSRD":7.458033,
    "USDSTD":21050.59961,
    "USDSVC":8.74995,
    "USDSYP":514.999443,
    "USDSZL":14.455009,
    "USDTHB":31.680219,
    "USDTJS":9.43675,
    "USDTMT":3.5,
    "USDTND":3.01305,
    "USDTOP":2.26015,
    "USDTRY":5.47498,
    "USDTTD":6.79725,
    "USDTWD":30.8045,
    "USDTZS":2345.302388,
    "USDUAH":27.174005,
    "USDUGX":3704.450033,
    "USDUSD":1,
    "USDUYU":33.459895,
    "USDUZS":8389.000453,
    "USDVEF":9.987498,
    "USDVND":23199.5,
    "USDVUV":114.089114,
    "USDWST":2.609482,
    "USDXAF":577.600706,
    "USDXAG":0.0651,
    "USDXAU":0.000766,
    "USDXCD":2.70255,
    "USDXDR":0.71745,
    "USDXOF":585.000141,
    "USDXPF":105.450163,
    "USDYER":250.402105,
    "USDZAR":14.490803,
    "USDZMK":9001.194317,
    "USDZMW":12.008965,
    "USDZWL":322.355011
  }
}